﻿<?xml version="1.0" encoding="utf-8"?>
<doc>
  <assembly>
    <name>Microsoft.Owin.Host.SystemWeb</name>
  </assembly>
  <members>
    <member name="T:Microsoft.Owin.Host.SystemWeb.AuthenticationResult">
      <summary>表示 OWIN 驗證結果。</summary>
    </member>
    <member name="M:Microsoft.Owin.Host.SystemWeb.AuthenticationResult.#ctor(System.Security.Principal.IIdentity,System.Collections.Generic.IDictionary{System.String,System.String},System.Collections.Generic.IDictionary{System.String,System.Object})">
      <summary>初始化 <see cref="T:Microsoft.Owin.Host.SystemWeb.AuthenticationResult" /> 類別的新執行個體。</summary>
      <param name="identity">結果的識別。</param>
      <param name="extra">其他驗證。</param>
      <param name="properties">驗證結果的屬性。</param>
    </member>
    <member name="P:Microsoft.Owin.Host.SystemWeb.AuthenticationResult.Extra">
      <summary>取得其他驗證。</summary>
      <returns>其他驗證。</returns>
    </member>
    <member name="P:Microsoft.Owin.Host.SystemWeb.AuthenticationResult.Identity">
      <summary>取得結果的識別。</summary>
      <returns>結果的識別。</returns>
    </member>
    <member name="P:Microsoft.Owin.Host.SystemWeb.AuthenticationResult.Properties">
      <summary>取得驗證結果的屬性。</summary>
      <returns>驗證結果的屬性。</returns>
    </member>
    <member name="T:Microsoft.Owin.Host.SystemWeb.OwinHttpHandler">
      <summary>處理來自 <see cref="T:System.Web" /> 做為 OWIN 要求的程序。</summary>
    </member>
    <member name="M:Microsoft.Owin.Host.SystemWeb.OwinHttpHandler.#ctor">
      <summary>初始化 <see cref="T:Microsoft.Owin.Host.SystemWeb.OwinHttpHandler" /> 類別的新執行個體。</summary>
    </member>
    <member name="M:Microsoft.Owin.Host.SystemWeb.OwinHttpHandler.BeginProcessRequest(System.Web.HttpContextBase,System.AsyncCallback,System.Object)">
      <summary>初始化 HTTP 識別碼的非同步呼叫。</summary>
      <returns>包含處埋狀態相關資訊的 <see cref="T:System.IAsyncResult" />。</returns>
      <param name="httpContext">
        <see cref="T:System.Web.HttpContextBase" /> 物件，對於用來服務 HTTP 要求的內建伺服器物件 (例如 Request、Response、Session 和 Server) 提供物件的參考。</param>
      <param name="callback">當完成非同步方法呼叫時要呼叫的 <see cref="T:System.AsyncCallback" />。若回呼為 Null，則不會呼叫委派。</param>
      <param name="extraData">任何需要處理此要求的其他資料。</param>
    </member>
    <member name="M:Microsoft.Owin.Host.SystemWeb.OwinHttpHandler.EndProcessRequest(System.IAsyncResult)">
      <summary>當處理結束時，提供非同步處理結束方法。</summary>
      <param name="result">包含處埋狀態相關資訊的 <see cref="T:System.IAsyncResult" />。</param>
    </member>
    <member name="P:Microsoft.Owin.Host.SystemWeb.OwinHttpHandler.IsReusable">
      <summary>取得值，這個值表示另一個要求是否可以使用 <see cref="T:System.Web.IHttpHandler" /> 執行個體。</summary>
      <returns>傳回 true。</returns>
    </member>
    <member name="M:Microsoft.Owin.Host.SystemWeb.OwinHttpHandler.System#Web#IHttpAsyncHandler#BeginProcessRequest(System.Web.HttpContext,System.AsyncCallback,System.Object)">
      <summary>初始化 HTTP 識別碼的非同步呼叫。</summary>
      <returns>包含處埋狀態相關資訊的 <see cref="T:System.IAsyncResult" />。</returns>
      <param name="context">
        <see cref="T:System.Web.HttpContext" /> 物件，對於用來服務 HTTP 要求的內建伺服器物件 (例如 Request、Response、Session 和 Server) 提供物件的參考。</param>
      <param name="cb">當完成非同步方法呼叫時要呼叫的 <see cref="T:System.AsyncCallback" />。若回呼為 Null，則不會呼叫委派。</param>
      <param name="extraData">任何需要處理此要求的其他資料。</param>
    </member>
    <member name="M:Microsoft.Owin.Host.SystemWeb.OwinHttpHandler.System#Web#IHttpHandler#ProcessRequest(System.Web.HttpContext)">
      <summary>處理 HTTP 處理常式的要求。</summary>
      <param name="context">內容。</param>
    </member>
    <member name="T:Microsoft.Owin.Host.SystemWeb.OwinRouteHandler">
      <summary>透過 OWIN 管線處理路由。</summary>
    </member>
    <member name="M:Microsoft.Owin.Host.SystemWeb.OwinRouteHandler.#ctor(System.Action{Owin.IAppBuilder})">
      <summary>初始化 OwinRouteHandler。</summary>
      <param name="startup">初始化處理路由要求的管線方法。</param>
    </member>
    <member name="M:Microsoft.Owin.Host.SystemWeb.OwinRouteHandler.GetHttpHandler(System.Web.Routing.RequestContext)">
      <summary>提供處理要求的物件。</summary>
      <returns>處理要求的物件。</returns>
      <param name="requestContext">封裝要求相關資訊的物件。</param>
    </member>
    <member name="M:Microsoft.Owin.Host.SystemWeb.OwinRouteHandler.System#Web#Routing#IRouteHandler#GetHttpHandler(System.Web.Routing.RequestContext)">
      <summary>提供處理要求的物件。</summary>
      <returns>處理要求的物件。</returns>
      <param name="requestContext">封裝要求相關資訊的物件。</param>
    </member>
    <member name="T:Microsoft.Owin.Host.SystemWeb.PreApplicationStart">
      <summary>在應用程式啟動時註冊 OWIN 要求程序。</summary>
    </member>
    <member name="M:Microsoft.Owin.Host.SystemWeb.PreApplicationStart.Initialize">
      <summary>註冊 OWIN 要求程序模組。</summary>
    </member>
    <member name="T:System.Web.HttpContextBaseExtensions">
      <summary>提供 <see cref="T:System.Web.HttpContextBase" /> 的擴充方法。</summary>
    </member>
    <member name="M:System.Web.HttpContextBaseExtensions.GetOwinContext(System.Web.HttpContextBase)"></member>
    <member name="M:System.Web.HttpContextBaseExtensions.GetOwinContext(System.Web.HttpRequestBase)"></member>
    <member name="T:System.Web.HttpContextExtensions">
      <summary>提供 <see cref="T:System.Web.HttpContext" /> 的擴充方法。</summary>
    </member>
    <member name="M:System.Web.HttpContextExtensions.GetOwinContext(System.Web.HttpContext)"></member>
    <member name="M:System.Web.HttpContextExtensions.GetOwinContext(System.Web.HttpRequest)"></member>
    <member name="T:System.Web.Routing.RouteCollectionExtensions">
      <summary>提供擴充程式方法，以註冊 OWIN 應用程式為 System.Web 路由。</summary>
    </member>
    <member name="M:System.Web.Routing.RouteCollectionExtensions.MapOwinPath(System.Web.Routing.RouteCollection,System.String)">
      <summary>註冊預設 OWIN 應用程式路由。</summary>
      <returns>建立的路由。</returns>
      <param name="routes">路徑集合。</param>
      <param name="pathBase">對應至預設 OWIN 應用程式的路由路徑。</param>
    </member>
    <member name="M:System.Web.Routing.RouteCollectionExtensions.MapOwinPath(System.Web.Routing.RouteCollection,System.String,System.Action{Owin.IAppBuilder})">
      <summary>叫用 System.Action 啟動委派以組建 OWIN 應用程式，並在給定路徑中註冊路由。</summary>
      <returns>建立的路由。</returns>
      <param name="routes">路徑集合。</param>
      <param name="pathBase">對應至給定 OWIN 應用程式的路由路徑。</param>
      <param name="startup">已叫用的 System.Action 委派以組建 OWIN 應用程式。</param>
    </member>
    <member name="M:System.Web.Routing.RouteCollectionExtensions.MapOwinPath(System.Web.Routing.RouteCollection,System.String,System.String)">
      <summary> 註冊預設 OWIN 應用程式路由。</summary>
      <returns>建立的路由。</returns>
      <param name="routes">路徑集合。</param>
      <param name="name">路由的給定名稱。</param>
      <param name="pathBase">對應至預設 OWIN 應用程式的路由路徑。</param>
    </member>
    <member name="M:System.Web.Routing.RouteCollectionExtensions.MapOwinPath(System.Web.Routing.RouteCollection,System.String,System.String,System.Action{Owin.IAppBuilder})">
      <summary> 叫用 System.Action 啟動委派以組建 OWIN 應用程式，並在給定路徑中註冊路由。</summary>
      <returns>建立的路由。</returns>
      <param name="routes">路徑集合。</param>
      <param name="name">路由的給定名稱。</param>
      <param name="pathBase">對應至給定 OWIN 應用程式的路由路徑。</param>
      <param name="startup">已叫用的 System.Action 委派以組建 OWIN 應用程式。</param>
    </member>
    <member name="M:System.Web.Routing.RouteCollectionExtensions.MapOwinPath``1(System.Web.Routing.RouteCollection,System.String,System.String,``0)">
      <summary> 註冊指定 OWIN 應用程式項目點的路由。</summary>
      <returns>建立的路由。</returns>
      <param name="routes">路徑集合。</param>
      <param name="name">路由的給定名稱。</param>
      <param name="pathBase">對應至給定 OWIN 應用程式的路由路徑。</param>
      <param name="app">OWIN 應用程式項目點。</param>
      <typeparam name="TApp">OWIN 應用程式項目點類型。</typeparam>
    </member>
    <member name="M:System.Web.Routing.RouteCollectionExtensions.MapOwinPath``1(System.Web.Routing.RouteCollection,System.String,``0)">
      <summary> 註冊指定 OWIN 應用程式項目點的路由。</summary>
      <returns>建立的路由。</returns>
      <param name="routes">路徑集合。</param>
      <param name="pathBase">對應至給定 OWIN 應用程式的路由路徑。</param>
      <param name="app">OWIN 應用程式項目點。</param>
      <typeparam name="TApp">OWIN 應用程式項目點類型。</typeparam>
    </member>
    <member name="M:System.Web.Routing.RouteCollectionExtensions.MapOwinRoute(System.Web.Routing.RouteCollection,System.String,System.Action{Owin.IAppBuilder})">
      <summary>提供定義 OWIN 管線路由的方法。</summary>
      <returns>建立的路由。</returns>
      <param name="routes">路徑集合。</param>
      <param name="routeUrl">路徑的 URL 模式。</param>
      <param name="startup">初始化處理路由要求的管線方法。</param>
    </member>
    <member name="M:System.Web.Routing.RouteCollectionExtensions.MapOwinRoute(System.Web.Routing.RouteCollection,System.String,System.String,System.Action{Owin.IAppBuilder})">
      <summary> 提供定義 OWIN 管線路由的方法。</summary>
      <returns>建立的路由。</returns>
      <param name="routes">路徑集合。</param>
      <param name="routeName">路徑的名稱。</param>
      <param name="routeUrl">路徑的 URL 模式。</param>
      <param name="startup">初始化處理路由要求的管線方法。</param>
    </member>
    <member name="M:System.Web.Routing.RouteCollectionExtensions.MapOwinRoute(System.Web.Routing.RouteCollection,System.String,System.String,System.Web.Routing.RouteValueDictionary,System.Action{Owin.IAppBuilder})">
      <summary> 提供定義 OWIN 管線路由的方法。</summary>
      <returns>建立的路由。</returns>
      <param name="routes">路徑集合。</param>
      <param name="routeName">路徑的名稱。</param>
      <param name="routeUrl">路徑的 URL 模式。</param>
      <param name="defaults">若 URL 並未包含所有參數，要使用的值。</param>
      <param name="startup">初始化處理路由要求的管線方法。</param>
    </member>
    <member name="M:System.Web.Routing.RouteCollectionExtensions.MapOwinRoute(System.Web.Routing.RouteCollection,System.String,System.String,System.Web.Routing.RouteValueDictionary,System.Web.Routing.RouteValueDictionary,System.Action{Owin.IAppBuilder})">
      <summary> 提供定義 OWIN 管線路由的方法。</summary>
      <returns>建立的路由。</returns>
      <param name="routes">路徑集合。</param>
      <param name="routeName">路徑的名稱。</param>
      <param name="routeUrl">路徑的 URL 模式。</param>
      <param name="defaults">若 URL 並未包含所有參數，要使用的值。</param>
      <param name="constraints">一般運算式，這些運算式指定 URL 參數的有效值。</param>
      <param name="startup">初始化處理路由要求的管線方法。</param>
    </member>
    <member name="M:System.Web.Routing.RouteCollectionExtensions.MapOwinRoute(System.Web.Routing.RouteCollection,System.String,System.String,System.Web.Routing.RouteValueDictionary,System.Web.Routing.RouteValueDictionary,System.Web.Routing.RouteValueDictionary,System.Action{Owin.IAppBuilder})">
      <summary> 提供定義 OWIN 管線路由的方法。</summary>
      <returns>建立的路由。</returns>
      <param name="routes">路徑集合。</param>
      <param name="routeName">路徑的名稱。</param>
      <param name="routeUrl">路徑的 URL 模式。</param>
      <param name="defaults">若 URL 並未包含所有參數，要使用的值。</param>
      <param name="constraints">一般運算式，這些運算式指定 URL 參數的有效值。</param>
      <param name="dataTokens">自訂值會傳至路由處理常式，但並不會用來判斷路由是否和指定 URL 模式相符。這些值會傳至路由處理常式，其可以用來處理要求。</param>
      <param name="startup">初始化處理路由要求的管線方法。</param>
    </member>
    <member name="M:System.Web.Routing.RouteCollectionExtensions.MapOwinRoute(System.Web.Routing.RouteCollection,System.String,System.Web.Routing.RouteValueDictionary,System.Action{Owin.IAppBuilder})">
      <summary> 提供定義 OWIN 管線路由的方法。</summary>
      <returns>建立的路由。</returns>
      <param name="routes">路徑集合。</param>
      <param name="routeUrl">路徑的 URL 模式。</param>
      <param name="defaults">若 URL 並未包含所有參數，要使用的值。</param>
      <param name="startup">初始化處理路由要求的管線方法。</param>
    </member>
    <member name="M:System.Web.Routing.RouteCollectionExtensions.MapOwinRoute(System.Web.Routing.RouteCollection,System.String,System.Web.Routing.RouteValueDictionary,System.Web.Routing.RouteValueDictionary,System.Action{Owin.IAppBuilder})">
      <summary> 提供定義 OWIN 管線路由的方法。</summary>
      <returns>建立的路由。</returns>
      <param name="routes">路徑集合。</param>
      <param name="routeUrl">路徑的 URL 模式。</param>
      <param name="defaults">若 URL 並未包含所有參數，要使用的值。</param>
      <param name="constraints">一般運算式，這些運算式指定 URL 參數的有效值。</param>
      <param name="startup">初始化處理路由要求的管線方法。</param>
    </member>
    <member name="M:System.Web.Routing.RouteCollectionExtensions.MapOwinRoute(System.Web.Routing.RouteCollection,System.String,System.Web.Routing.RouteValueDictionary,System.Web.Routing.RouteValueDictionary,System.Web.Routing.RouteValueDictionary,System.Action{Owin.IAppBuilder})">
      <summary> 提供定義 OWIN 管線路由的方法。</summary>
      <returns>建立的路由。</returns>
      <param name="routes">路徑集合。</param>
      <param name="routeUrl">路徑的 URL 模式。</param>
      <param name="defaults">若 URL 並未包含所有參數，要使用的值。</param>
      <param name="constraints">一般運算式，這些運算式指定 URL 參數的有效值。</param>
      <param name="dataTokens">自訂值會傳至路由處理常式，但並不會用來判斷路由是否和指定 URL 模式相符。這些值會傳至路由處理常式，其可以用來處理要求。</param>
      <param name="startup">初始化處理路由要求的管線方法。</param>
    </member>
  </members>
</doc>